<?xml version="1.0" encoding="UTF-8"?>
<point_cloud version="1.2.0">
  <tracks path="tracks.ply" count="133667"/>
  <points path="points.ply" count="112076"/>
  <projections camera_id="0" path="p0.ply" count="939"/>
  <projections camera_id="1" path="p1.ply" count="4172"/>
  <projections camera_id="2" path="p2.ply" count="3966"/>
  <projections camera_id="3" path="p3.ply" count="113"/>
  <projections camera_id="5" path="p5.ply" count="44"/>
  <projections camera_id="6" path="p6.ply" count="2332"/>
  <projections camera_id="7" path="p7.ply" count="4069"/>
  <projections camera_id="8" path="p8.ply" count="4017"/>
  <projections camera_id="9" path="p9.ply" count="4175"/>
  <projections camera_id="10" path="p10.ply" count="4004"/>
  <projections camera_id="11" path="p11.ply" count="4378"/>
  <projections camera_id="12" path="p12.ply" count="264"/>
  <projections camera_id="13" path="p13.ply" count="1388"/>
  <projections camera_id="14" path="p14.ply" count="488"/>
  <projections camera_id="15" path="p15.ply" count="785"/>
  <projections camera_id="16" path="p16.ply" count="551"/>
  <projections camera_id="17" path="p17.ply" count="818"/>
  <projections camera_id="18" path="p18.ply" count="4329"/>
  <projections camera_id="19" path="p19.ply" count="3211"/>
  <projections camera_id="20" path="p20.ply" count="3988"/>
  <projections camera_id="21" path="p21.ply" count="193"/>
  <projections camera_id="22" path="p22.ply" count="152"/>
  <projections camera_id="23" path="p23.ply" count="44"/>
  <projections camera_id="24" path="p24.ply" count="4018"/>
  <projections camera_id="25" path="p25.ply" count="4859"/>
  <projections camera_id="26" path="p26.ply" count="3966"/>
  <projections camera_id="27" path="p27.ply" count="4159"/>
  <projections camera_id="28" path="p28.ply" count="4248"/>
  <projections camera_id="29" path="p29.ply" count="4004"/>
  <projections camera_id="30" path="p30.ply" count="4798"/>
  <projections camera_id="31" path="p31.ply" count="4127"/>
  <projections camera_id="32" path="p32.ply" count="4041"/>
  <projections camera_id="33" path="p33.ply" count="2554"/>
  <projections camera_id="34" path="p34.ply" count="4536"/>
  <projections camera_id="47" path="p47.ply" count="11074"/>
  <projections camera_id="48" path="p48.ply" count="11013"/>
  <projections camera_id="49" path="p49.ply" count="10928"/>
  <projections camera_id="50" path="p50.ply" count="10651"/>
  <projections camera_id="51" path="p51.ply" count="11157"/>
  <projections camera_id="52" path="p52.ply" count="11193"/>
  <projections camera_id="53" path="p53.ply" count="11131"/>
  <projections camera_id="54" path="p54.ply" count="10574"/>
  <projections camera_id="55" path="p55.ply" count="10397"/>
  <projections camera_id="56" path="p56.ply" count="10179"/>
  <projections camera_id="57" path="p57.ply" count="9584"/>
  <projections camera_id="58" path="p58.ply" count="8568"/>
  <projections camera_id="59" path="p59.ply" count="7877"/>
  <projections camera_id="60" path="p60.ply" count="9017"/>
  <projections camera_id="61" path="p61.ply" count="8484"/>
  <projections camera_id="62" path="p62.ply" count="7804"/>
  <projections camera_id="63" path="p63.ply" count="6810"/>
  <projections camera_id="64" path="p64.ply" count="6749"/>
  <projections camera_id="65" path="p65.ply" count="7268"/>
  <projections camera_id="66" path="p66.ply" count="7364"/>
  <projections camera_id="67" path="p67.ply" count="6939"/>
  <projections camera_id="68" path="p68.ply" count="5199"/>
  <projections camera_id="69" path="p69.ply" count="6326"/>
  <projections camera_id="70" path="p70.ply" count="6442"/>
  <projections camera_id="71" path="p71.ply" count="6803"/>
  <projections camera_id="72" path="p72.ply" count="4557"/>
  <projections camera_id="73" path="p73.ply" count="6608"/>
  <projections camera_id="74" path="p74.ply" count="6383"/>
  <projections camera_id="75" path="p75.ply" count="6384"/>
  <projections camera_id="76" path="p76.ply" count="5463"/>
  <projections camera_id="77" path="p77.ply" count="4552"/>
  <projections camera_id="78" path="p78.ply" count="6500"/>
  <projections camera_id="79" path="p79.ply" count="7560"/>
  <projections camera_id="80" path="p80.ply" count="8543"/>
  <projections camera_id="81" path="p81.ply" count="9269"/>
  <projections camera_id="82" path="p82.ply" count="9185"/>
  <projections camera_id="83" path="p83.ply" count="9226"/>
  <projections camera_id="84" path="p84.ply" count="8717"/>
  <projections camera_id="85" path="p85.ply" count="8680"/>
  <projections camera_id="86" path="p86.ply" count="4541"/>
  <projections camera_id="87" path="p87.ply" count="9615"/>
  <projections camera_id="88" path="p88.ply" count="11039"/>
  <projections camera_id="89" path="p89.ply" count="10857"/>
  <projections camera_id="90" path="p90.ply" count="11009"/>
  <projections camera_id="91" path="p91.ply" count="9479"/>
  <projections camera_id="92" path="p92.ply" count="10959"/>
  <projections camera_id="93" path="p93.ply" count="10970"/>
  <projections camera_id="94" path="p94.ply" count="10289"/>
  <projections camera_id="95" path="p95.ply" count="4758"/>
  <projections camera_id="96" path="p96.ply" count="8702"/>
  <projections camera_id="97" path="p97.ply" count="8891"/>
  <projections camera_id="98" path="p98.ply" count="8769"/>
  <projections camera_id="99" path="p99.ply" count="6959"/>
  <projections camera_id="100" path="p100.ply" count="7962"/>
  <projections camera_id="101" path="p101.ply" count="6851"/>
  <projections camera_id="102" path="p102.ply" count="5376"/>
  <projections camera_id="103" path="p103.ply" count="6926"/>
  <projections camera_id="104" path="p104.ply" count="7489"/>
  <projections camera_id="105" path="p105.ply" count="7735"/>
  <projections camera_id="106" path="p106.ply" count="7473"/>
  <projections camera_id="107" path="p107.ply" count="7232"/>
  <projections camera_id="108" path="p108.ply" count="7144"/>
  <projections camera_id="109" path="p109.ply" count="6564"/>
  <projections camera_id="110" path="p110.ply" count="6456"/>
  <projections camera_id="111" path="p111.ply" count="6574"/>
  <projections camera_id="112" path="p112.ply" count="6607"/>
  <projections camera_id="113" path="p113.ply" count="6665"/>
  <projections camera_id="114" path="p114.ply" count="5921"/>
  <projections camera_id="115" path="p115.ply" count="4624"/>
  <projections camera_id="116" path="p116.ply" count="8880"/>
  <projections camera_id="117" path="p117.ply" count="10015"/>
  <projections camera_id="118" path="p118.ply" count="8881"/>
  <projections camera_id="119" path="p119.ply" count="8793"/>
  <projections camera_id="120" path="p120.ply" count="5673"/>
  <projections camera_id="121" path="p121.ply" count="8261"/>
  <projections camera_id="122" path="p122.ply" count="7326"/>
  <projections camera_id="123" path="p123.ply" count="9685"/>
  <projections camera_id="124" path="p124.ply" count="9682"/>
  <projections camera_id="125" path="p125.ply" count="9432"/>
  <projections camera_id="126" path="p126.ply" count="7895"/>
  <projections camera_id="127" path="p127.ply" count="8173"/>
  <projections camera_id="128" path="p128.ply" count="8284"/>
  <projections camera_id="129" path="p129.ply" count="8628"/>
  <projections camera_id="130" path="p130.ply" count="8972"/>
  <projections camera_id="131" path="p131.ply" count="8480"/>
  <projections camera_id="132" path="p132.ply" count="8025"/>
  <projections camera_id="133" path="p133.ply" count="7435"/>
  <projections camera_id="134" path="p134.ply" count="6985"/>
  <projections camera_id="135" path="p135.ply" count="6316"/>
  <projections camera_id="136" path="p136.ply" count="6122"/>
  <projections camera_id="137" path="p137.ply" count="6428"/>
  <projections camera_id="138" path="p138.ply" count="6409"/>
  <projections camera_id="139" path="p139.ply" count="5800"/>
  <projections camera_id="140" path="p140.ply" count="5116"/>
  <projections camera_id="141" path="p141.ply" count="4714"/>
  <projections camera_id="142" path="p142.ply" count="4643"/>
  <projections camera_id="143" path="p143.ply" count="4805"/>
  <projections camera_id="144" path="p144.ply" count="4412"/>
  <projections camera_id="145" path="p145.ply" count="4423"/>
  <projections camera_id="146" path="p146.ply" count="4546"/>
  <projections camera_id="147" path="p147.ply" count="4239"/>
  <projections camera_id="148" path="p148.ply" count="54"/>
  <projections camera_id="149" path="p149.ply" count="4557"/>
  <projections camera_id="150" path="p150.ply" count="4720"/>
  <projections camera_id="151" path="p151.ply" count="5006"/>
  <projections camera_id="152" path="p152.ply" count="4670"/>
  <projections camera_id="153" path="p153.ply" count="4000"/>
  <projections camera_id="154" path="p154.ply" count="4250"/>
  <projections camera_id="155" path="p155.ply" count="2118"/>
  <projections camera_id="156" path="p156.ply" count="5169"/>
  <projections camera_id="157" path="p157.ply" count="5634"/>
  <projections camera_id="158" path="p158.ply" count="4496"/>
  <projections camera_id="159" path="p159.ply" count="4242"/>
  <projections camera_id="160" path="p160.ply" count="7121"/>
  <projections camera_id="161" path="p161.ply" count="4314"/>
  <projections camera_id="162" path="p162.ply" count="4966"/>
  <projections camera_id="163" path="p163.ply" count="6053"/>
  <projections camera_id="164" path="p164.ply" count="4051"/>
  <projections camera_id="165" path="p165.ply" count="6791"/>
  <projections camera_id="166" path="p166.ply" count="7648"/>
  <projections camera_id="167" path="p167.ply" count="7400"/>
  <projections camera_id="168" path="p168.ply" count="7122"/>
  <projections camera_id="169" path="p169.ply" count="4292"/>
  <projections camera_id="170" path="p170.ply" count="5101"/>
  <projections camera_id="171" path="p171.ply" count="4107"/>
  <projections camera_id="172" path="p172.ply" count="9645"/>
  <projections camera_id="173" path="p173.ply" count="8658"/>
  <projections camera_id="174" path="p174.ply" count="4055"/>
  <projections camera_id="175" path="p175.ply" count="4583"/>
  <projections camera_id="176" path="p176.ply" count="5155"/>
  <projections camera_id="177" path="p177.ply" count="6467"/>
  <projections camera_id="178" path="p178.ply" count="4013"/>
  <projections camera_id="179" path="p179.ply" count="4828"/>
  <projections camera_id="180" path="p180.ply" count="1901"/>
  <projections camera_id="181" path="p181.ply" count="4170"/>
  <projections camera_id="182" path="p182.ply" count="4487"/>
  <projections camera_id="183" path="p183.ply" count="4435"/>
  <projections camera_id="184" path="p184.ply" count="3977"/>
  <projections camera_id="185" path="p185.ply" count="1345"/>
  <projections camera_id="186" path="p186.ply" count="1680"/>
  <projections camera_id="187" path="p187.ply" count="4059"/>
  <projections camera_id="188" path="p188.ply" count="4330"/>
  <projections camera_id="189" path="p189.ply" count="4397"/>
  <projections camera_id="190" path="p190.ply" count="4181"/>
  <projections camera_id="191" path="p191.ply" count="4089"/>
  <projections camera_id="192" path="p192.ply" count="3987"/>
  <projections camera_id="193" path="p193.ply" count="3152"/>
  <projections camera_id="194" path="p194.ply" count="2608"/>
  <projections camera_id="195" path="p195.ply" count="2254"/>
  <projections camera_id="196" path="p196.ply" count="2865"/>
  <projections camera_id="197" path="p197.ply" count="2610"/>
  <projections camera_id="198" path="p198.ply" count="2058"/>
  <projections camera_id="199" path="p199.ply" count="2365"/>
  <projections camera_id="200" path="p200.ply" count="2810"/>
  <projections camera_id="201" path="p201.ply" count="5695"/>
  <projections camera_id="202" path="p202.ply" count="4676"/>
  <projections camera_id="203" path="p203.ply" count="3952"/>
  <projections camera_id="204" path="p204.ply" count="4079"/>
  <projections camera_id="205" path="p205.ply" count="4489"/>
  <projections camera_id="206" path="p206.ply" count="4381"/>
  <projections camera_id="207" path="p207.ply" count="1170"/>
  <projections camera_id="208" path="p208.ply" count="3850"/>
  <projections camera_id="209" path="p209.ply" count="4100"/>
  <projections camera_id="210" path="p210.ply" count="4250"/>
  <projections camera_id="211" path="p211.ply" count="4046"/>
  <meta>
    <property name="match/duration" value="5347.028255"/>
    <property name="match/match_downscale" value="1"/>
    <property name="match/match_filter_mask" value="true"/>
    <property name="match/match_point_limit" value="40000"/>
    <property name="match/match_select_pairs" value="1"/>
    <property name="match/match_tiepoint_limit" value="4000"/>
  </meta>
</point_cloud>
